{
  "build_entry_point": "op",
  "need_generate_pdf": false,
  "need_generate_intellisense": false,
  "docsets_to_publish": [
    {
      "docset_name": "Techcon_dogfooding2",
      "build_source_folder": "data",
      "build_output_subfolder": "Techcon_dogfooding2",
      "locale": "en-us",
      "version": 0,
      "open_to_public_contributors": true,
      "type_mapping": {
        "Conceptual": "Content",
        "ManagedReference": "Content",
        "RestApi": "Content"
      },
      "build_entry_point": "op"
    }
  ],
  "notification_subscribers": [],
  "branches_to_filter": [],
  "skip_source_output_uploading": false,
  "dependent_repositories": []
}