{
  "build": {
    "content": [
      {
        "files": [
          "**/*.md"
        ],
        "exclude": [
          "**/obj/**",
          "Techcon_dogfooding2/**",
          "**/includes/**"
        ]
      }
    ],
    "resource": [
      {
        "files": [
          "**/*.png",
          "**/*.jpg"
        ],
        "exclude": [
          "**/obj/**",
          "Techcon_dogfooding2/**",
          "**/includes/**"
        ]
      }
    ],
    "overwrite": [],
    "externalReference": [],
    "globalMetadata": {},
    "fileMetadata": {},
    "template": [],
    "dest": "Techcon_dogfooding2"
  }
}